[
  {
    "text": "Could you please tell me what are the signs of covid",
    "entities": [
      {
        "start": 38,
        "end": 43,
        "value": "signs",
        "entity": "cov_symptoms"
      },
      {
        "start": 47,
        "end": 52,
        "value": "covid",
        "entity": "cov19"
      }
    ],
    "predicted_entities": [
      {
        "entity": "cov19",
        "start": 47,
        "end": 52,
        "confidence_entity": 0.9976173043251038,
        "value": "cov19",
        "extractor": "DIETClassifier",
        "processors": [
          "EntitySynonymMapper"
        ]
      }
    ]
  },
  {
    "text": "What are the effects of covid?",
    "entities": [
      {
        "start": 13,
        "end": 20,
        "value": "effects",
        "entity": "cov_symptoms"
      },
      {
        "start": 24,
        "end": 29,
        "value": "covid",
        "entity": "cov19"
      }
    ],
    "predicted_entities": [
      {
        "entity": "cov19",
        "start": 24,
        "end": 29,
        "confidence_entity": 0.9992660880088806,
        "value": "cov19",
        "extractor": "DIETClassifier",
        "processors": [
          "EntitySynonymMapper"
        ]
      }
    ]
  },
  {
    "text": "What are covid common symptoms?",
    "entities": [
      {
        "start": 9,
        "end": 14,
        "value": "covid",
        "entity": "cov19"
      },
      {
        "start": 15,
        "end": 30,
        "value": "common symptoms",
        "entity": "cov_symptoms"
      }
    ],
    "predicted_entities": [
      {
        "entity": "cov19",
        "start": 9,
        "end": 14,
        "confidence_entity": 0.9993801116943359,
        "value": "cov19",
        "extractor": "DIETClassifier",
        "processors": [
          "EntitySynonymMapper"
        ]
      },
      {
        "entity": "cov_symptoms",
        "start": 22,
        "end": 30,
        "confidence_entity": 0.9555221199989319,
        "value": "symptoms",
        "extractor": "DIETClassifier"
      }
    ]
  },
  {
    "text": "What are the traits of covid?",
    "entities": [
      {
        "start": 13,
        "end": 19,
        "value": "traits",
        "entity": "cov_symptoms"
      },
      {
        "start": 23,
        "end": 28,
        "value": "covid",
        "entity": "cov19"
      }
    ],
    "predicted_entities": [
      {
        "entity": "cov19",
        "start": 23,
        "end": 28,
        "confidence_entity": 0.9991402626037598,
        "value": "cov19",
        "extractor": "DIETClassifier",
        "processors": [
          "EntitySynonymMapper"
        ]
      }
    ]
  },
  {
    "text": "how to protect myself against covid?",
    "entities": [
      {
        "start": 7,
        "end": 14,
        "value": "protect",
        "entity": "measures"
      },
      {
        "start": 30,
        "end": 35,
        "value": "covid",
        "entity": "cov19"
      }
    ],
    "predicted_entities": [
      {
        "entity": "cov19",
        "start": 30,
        "end": 35,
        "confidence_entity": 0.9993370175361633,
        "value": "cov19",
        "extractor": "DIETClassifier",
        "processors": [
          "EntitySynonymMapper"
        ]
      }
    ]
  },
  {
    "text": "What can my family do to avoid contracting covid?",
    "entities": [
      {
        "start": 25,
        "end": 30,
        "value": "avoid",
        "entity": "measures"
      },
      {
        "start": 43,
        "end": 48,
        "value": "covid",
        "entity": "cov19"
      }
    ],
    "predicted_entities": [
      {
        "entity": "cov19",
        "start": 43,
        "end": 48,
        "confidence_entity": 0.9987194538116455,
        "value": "cov19",
        "extractor": "DIETClassifier",
        "processors": [
          "EntitySynonymMapper"
        ]
      }
    ]
  },
  {
    "text": "What can we do to avoid catching the covid?",
    "entities": [
      {
        "start": 18,
        "end": 32,
        "value": "avoid catching",
        "entity": "measures"
      },
      {
        "start": 37,
        "end": 42,
        "value": "covid",
        "entity": "cov19"
      }
    ],
    "predicted_entities": [
      {
        "entity": "cov19",
        "start": 37,
        "end": 42,
        "confidence_entity": 0.9984061121940613,
        "value": "cov19",
        "extractor": "DIETClassifier",
        "processors": [
          "EntitySynonymMapper"
        ]
      }
    ]
  },
  {
    "text": "preventive measures covid",
    "entities": [
      {
        "start": 0,
        "end": 19,
        "value": "preventive measures",
        "entity": "measures"
      },
      {
        "start": 20,
        "end": 25,
        "value": "covid",
        "entity": "cov19"
      }
    ],
    "predicted_entities": [
      {
        "entity": "measures",
        "start": 0,
        "end": 10,
        "confidence_entity": 0.8363828659057617,
        "value": "preventive",
        "extractor": "DIETClassifier"
      },
      {
        "entity": "cov19",
        "start": 20,
        "end": 25,
        "confidence_entity": 0.9992966651916504,
        "value": "cov19",
        "extractor": "DIETClassifier",
        "processors": [
          "EntitySynonymMapper"
        ]
      }
    ]
  },
  {
    "text": "who are in most dangerous from coronavirus",
    "entities": [],
    "predicted_entities": [
      {
        "entity": "cov19",
        "start": 31,
        "end": 42,
        "confidence_entity": 0.6750335097312927,
        "value": "cov19",
        "extractor": "DIETClassifier",
        "processors": [
          "EntitySynonymMapper"
        ]
      }
    ]
  },
  {
    "text": "how to prevent the spreading of covid.",
    "entities": [
      {
        "start": 32,
        "end": 37,
        "value": "covid",
        "entity": "cov19"
      }
    ],
    "predicted_entities": [
      {
        "entity": "measures",
        "start": 7,
        "end": 14,
        "confidence_entity": 0.6709414124488831,
        "value": "measures",
        "extractor": "DIETClassifier",
        "processors": [
          "EntitySynonymMapper"
        ]
      },
      {
        "entity": "cov19",
        "start": 32,
        "end": 37,
        "confidence_entity": 0.99698406457901,
        "value": "cov19",
        "extractor": "DIETClassifier",
        "processors": [
          "EntitySynonymMapper"
        ]
      }
    ]
  },
  {
    "text": "is there any treatment for Covid",
    "entities": [],
    "predicted_entities": [
      {
        "entity": "cov19",
        "start": 27,
        "end": 32,
        "confidence_entity": 0.8643142580986023,
        "value": "cov19",
        "extractor": "DIETClassifier",
        "processors": [
          "EntitySynonymMapper"
        ]
      }
    ]
  },
  {
    "text": "do cats  trasmit covid",
    "entities": [
      {
        "start": 3,
        "end": 7,
        "value": "cats",
        "entity": "pets"
      },
      {
        "start": 17,
        "end": 22,
        "value": "covid",
        "entity": "cov19"
      }
    ],
    "predicted_entities": [
      {
        "entity": "cov19",
        "start": 17,
        "end": 22,
        "confidence_entity": 0.9993465542793274,
        "value": "cov19",
        "extractor": "DIETClassifier",
        "processors": [
          "EntitySynonymMapper"
        ]
      }
    ]
  },
  {
    "text": "do people catch dogs from their pet",
    "entities": [
      {
        "start": 16,
        "end": 20,
        "value": "dogs",
        "entity": "cov19"
      },
      {
        "start": 32,
        "end": 35,
        "value": "pet",
        "entity": "pets"
      }
    ],
    "predicted_entities": [
      {
        "entity": "pets",
        "start": 32,
        "end": 35,
        "confidence_entity": 0.9966633915901184,
        "value": "pet",
        "extractor": "DIETClassifier"
      }
    ]
  },
  {
    "text": "what shouls i do if i came in contact with covid person",
    "entities": [],
    "predicted_entities": [
      {
        "entity": "cov19",
        "start": 43,
        "end": 48,
        "confidence_entity": 0.507641613483429,
        "value": "cov19",
        "extractor": "DIETClassifier",
        "processors": [
          "EntitySynonymMapper"
        ]
      }
    ]
  },
  {
    "text": "what shouls i do if i came in contact with covid affected person",
    "entities": [],
    "predicted_entities": [
      {
        "entity": "cov19",
        "start": 43,
        "end": 48,
        "confidence_entity": 0.5166377425193787,
        "value": "cov19",
        "extractor": "DIETClassifier",
        "processors": [
          "EntitySynonymMapper"
        ]
      }
    ]
  }
]