{
  "disease": {
    "precision": 1.0,
    "recall": 1.0,
    "f1-score": 1.0,
    "support": 24,
    "confused_with": {}
  },
  "cov_symptoms": {
    "precision": 1.0,
    "recall": 0.42857142857142855,
    "f1-score": 0.6,
    "support": 7,
    "confused_with": {}
  },
  "measures": {
    "precision": 0.75,
    "recall": 0.375,
    "f1-score": 0.5,
    "support": 8,
    "confused_with": {}
  },
  "cov19": {
    "precision": 0.9731543624161074,
    "recall": 0.9931506849315068,
    "f1-score": 0.983050847457627,
    "support": 146,
    "confused_with": {}
  },
  "pets": {
    "precision": 1.0,
    "recall": 0.6666666666666666,
    "f1-score": 0.8,
    "support": 3,
    "confused_with": {}
  },
  "micro avg": {
    "precision": 0.9725274725274725,
    "recall": 0.9414893617021277,
    "f1-score": 0.9567567567567568,
    "support": 188
  },
  "macro avg": {
    "precision": 0.9446308724832214,
    "recall": 0.6926777560339203,
    "f1-score": 0.7766101694915255,
    "support": 188
  },
  "weighted avg": {
    "precision": 0.9685134942167642,
    "recall": 0.9414893617021277,
    "f1-score": 0.947475658131987,
    "support": 188
  }
}