[
  {
    "text": "What are the effects of covid?",
    "intent": "covid_symptoms",
    "intent_prediction": {
      "name": "vaccine_side_effects",
      "confidence": 0.7530670762062073
    }
  },
  {
    "text": "What can we do to avoid catching the covid?",
    "intent": "covid_precautions",
    "intent_prediction": {
      "name": "stop_spreading",
      "confidence": 0.2515133023262024
    }
  },
  {
    "text": "preventive measures covid",
    "intent": "covid_precautions",
    "intent_prediction": {
      "name": "antibiotics",
      "confidence": 0.3726491332054138
    }
  },
  {
    "text": "good afternoon",
    "intent": "greet",
    "intent_prediction": {
      "name": "goodbye",
      "confidence": 0.5739544034004211
    }
  }
]